DocumentID,Words (split by space),disgust
train1,mortar assault leaves at least dead,0.0135
train2,goal delight for sheva,0
train3,nigeria hostage feared dead is freed,0
train4,bombers kill shoppers,0.1368
train5,vegetables not fruit slow brain decline,0
train6,pm havana deal a good experiment,0
train7,kate is marrying doherty,0
train8,nasa revisiting life on mars question,0
train9,happy birthday ipod,0
train10,alonso would be happy to retire with three titles,0
train11,madonna s new tot happy at home in london,0
train12,nicole kidman asks dad to help stop husband s drinking,0
train13,united finds good connection in win,0
train14,runway making good without making nice,0.0968
train15,we were arrogant and stupid over iraq says us diplomat,0.122
train16,bad reasons to be good,0.0545
train17,madonna s new baby s daddy didn t realize adoption was for good,0
train18,women in their s are perfectly good mothers,0.1557
train19,we re a pretty kind bully,0
train20,moderate drinking reduces men s heart attack risk,0.0374
train21,tom cruise and katie holmes set wedding date,0
train22,kidnapped ap photographer freed in gaza,0.1244
train23,bush insists troops stay in iraq predicts midterm victory,0.2938
train24,hurricane paul weakens to tropical storm,0
train25,uk announces immigration restrictions,0.2247
train26,three found alive from missing russian ship report,0
train27,poison pill to swallow hawks hurting after loss to vikes,0.1404
train28,injured marathon winner leaves hospital,0.0917
train29,hacker unlocks apple music download protection,0.1129
train30,spanish journalist seized in gaza,0.204
train31,sudan urges un to replace its special envoy,0.1765
train32,resolution approved for international games,0
train33,pair of satellites will document sun in d,0
train34,martian life could have evaded detection by viking landers,0
train35,the sweet tune of an anniversary,0
train36,did viking probes miss life on mars,0
train37,diplomat acknowledges us arrogance in iraq,0.2993
train38,more human remains found at ground zero,0.1358
train39,how to prevent iraq from getting even worse,0.2294
train40,tensions as hungary marks uprising,0
train41,stanford study warns of internet addiction,0.2708
train42,no evidence of ice reserves on the moon,0
train43,parachutist dies at bridge jump festival,0.0432
train44,us troops killed in october in iraq,0.1921
train45,chefs not counting calories study finds,0
train46,deaths linked to flu vaccine,0
train47,perfect lives lose their focus,0
train48,bread heavy diet linked to kidney cancer,0.0397
train49,beating poverty in a small way,0
train50,israel insists on lebanon overflights,0.2897
train51,britain to restrict immigrants from new eu members,0.3077
train52,confusion reigns in the expanding digital world,0
train53,game on london exhibition celebrates the history of video games,0
train54,making peace from victory over poverty,0
train55,marine killed in fighting west of baghdad,0
train56,scientists create first cloaking device,0
train57,amateur rocket scientists reach for space,0
train58,confusion reigns in the expanding digital world,0
train59,deaths linked to flu vaccine,0.0474
train60,israel admits using phosphorous shells in lebanon,0.2582
train61,th person dies after receiving flu shot,0
train62,police and shoppers targeted in growing iraq violence,0.1801
train63,scientists discover miracle in the depths,0
train64,doctors seeing patients who think they re internet addicted,0
train65,china launches two satellites into orbit,0
train66,vegetables may boost brain power in older adults,0
train67,hurricane paul nears category status,0
train68,russian ship sinks member crew missing,0
train69,iran s president urges higher birth rate,0.0625
train70,apple set for massive market gains,0
train71,tumor types may explain survival rates for cancer,0
train72,routine mission turns into hunt for missing comrade,0
train73,bad weather slows s korean search for russian ship,0.2424
train74,tailors and housewives busy as muslims celebrate eid,0
train75,active peace brings the promise of development,0
train76,abbas condemns israeli massacre in northern gaza strip,0.2792
train77,bangladesh ferry sinks dead,0
train78,bucs find a new kick in life,0
train79,google to unveil election mashup,0
train80,police warn of child exploitation online,0.3062
train81,breast cancer awareness is important,0
train82,hungary police tackle violent protestors,0
train83,three drivers had reason to be proud in brazil,0
train84,celebrities protest malibu gas facility,0
train85,presto he s batman then magic man,0
train86,heavy use of mobile phones can make men infertile scientists say,0
train87,russian ship sinks in pacific,0
train88,china successfully launches two satellites,0
train89,prestige has magic touch,0
train90,lies damned lies and divorce,0.2797
train91,manning inspires giants to victory in dallas,0
train92,riot warning for france suburbs,0.1677
train93,full recovery expected for marathon winner,0
train94,sony apologises for global battery recall,0
train95,questions on credit card safety,0
train96,budapest calm after night of violent protests,0.0225
train97,vegetables may boost brain power in older adults,0
train98,report criticises us press freedoms,0.2353
train99,french suburb riots could resume,0
train100,photographer kidnapping condemned,0.3459
train101,photographer kidnapped in gaza,0.2445
train102,baseball rogers enjoys his muddied streak,0
train103,cultural revolutionary the ipod is five,0
train104,life on mars maybe we missed it,0.0444
train105,three found alive from missing russian ship report,0
train106,moderate drinking reduces men s heart attack risk,0
train107,the sweet tune of an anniversary,0
train108,inconvenient truths,0.0968
train109,dating difficult for harry potter,0
train110,students lose their rite of passage,0
train111,putin vows to tackle illegal immigration,0.2333
train112,ottawa must redefine terror,0
train113,britain to limit workers from romania bulgaria,0.2128
train114,top general optimistic on iraq,0.2326
train115,kim osorio wins sexual harrassment suit against the source,0.1455
train116,silly and substantial,0.3333
train117,official laughs for borat,0.2095
train118,speaker hastert testifies before panel probing sex scandal,0.439
train119,tom cruise and katie holmes set wedding date,0
train120,martian life could have evaded detection by viking landers,0
train121,ukraine gas deal marred by fears,0.1333
train122,marathon victory comes at heavy cost,0
train123,college tuition continues climbing,0.2366
train124,german paper shows soldiers desecrating skull,0.4049
train125,war is close ethiopia tells somali rebels,0.1701
train126,advantage cardinals with suppan in game,0
train127,nasa spacecraft to measure sun,0
train128,sony hates europeans will prevent the importing of ps,0.125
train129,flu vaccine appears safe for young children,0
train130,google to launch yet another search tool,0
train131,tropical storm paul s outer bands hit mexico s baja california,0
train132,israeli bomblets plague lebanon,0.2308
train133,new indonesia calamity a mud bath is man made,0.2172
train134,u s weighs sanctions against north korea,0.2
train135,rice in baghdad insists that iraqis are,0.2558
train136,senator says u s should rethink iraq strategy,0
train137,german chief forges accord on financing health care,0
train138,turkish writers say efforts to stifle speech may backfire,0.0743
train139,kurdish lawmaker killed in an attack in baghdad,0.1842
train140,anti u s attack videos spread on the internet,0.2045
train141,women face greatest threat of violence at home study finds,0.2531
train142,appeal by chinese researcher for times may soon be heard,0
train143,brazil air force cites faults and confusion in fatal crash,0
train144,a mix of oil and environmentalism,0.2339
train145,immigrants and french reach deal in standoff,0
train146,genghis khan beer mongolia grimaces,0
train147,dead bachelors in remote china still find wives,0
train148,paris journal smoking no longer tres chic in france,0.0597
train149,an old letter casts doubts on iran s goal for uranium,0
train150,u s warns north koreans about nuclear test,0
train151,global sludge ends in tragedy for ivory coast,0
train152,equipment on plane in brazil collision may have been faulty,0.1416
train153,new indonesia calamity a mud bath is man made,0.2265
train154,iraqi journalists add laws to list of dangers,0
train155,u n force is treading lightly on lebanese soil,0
train156,cleric said to lose reins over part of iraqi militia,0.226
train157,citing spy agencies study democrats seek iraq changes,0
train158,opera canceled over a depiction of muhammad,0
train159,military officials add to u s criticism of iraq s government,0.0222
train160,teacher in hiding after attack on islam stirs threats,0.0225
train161,combative bush releases parts of terror study,0.1405
train162,growing unarmed battalion in qaeda army is using internet to get the message out,0.2139
train163,iraqi linked to sunni bloc is held in plot military says,0.2409
train164,seduced by snacks no not you,0.3409
train165,friends for life an emerging biology of emotional healing,0
train166,alzheimer s drugs offer no help study finds,0
train167,across europe worries on islam spread to center,0.1111
train168,cooking defines sephardic jews at sukkot,0
train169,fitness bodies in motion clean and sober,0
train170,in god s name religion based tax breaks housing to paychecks to books,0
train171,yankee dies in plane crash official says,0
train172,an elephant crackup,0
train173,with youtube grad student hits jackpot again,0
train174,dow flirts with record highs again,0
train175,tropical storm isaac forms in atlantic,0
train176,new iraq terror tape calls for abducting foreigners,0.1716
train177,deep regret for ex hp exec,0.08
train178,opportunity knocks on geologist s dream crater,0
train179,squirrel jumps boy in park rabies suspected,0.0219
train180,girl left comatose after dental visit dies,0.1718
train181,porn star candidate campaigns on campus,0.2432
train182,school ends football season after start,0
train183,charlie sheen to become highest paid sitcom star,0.0429
train184,jon stewart mocks benefits of cnn s i,0.25
train185,ashton kutcher tells secret to ryan seacrest,0
train186,nails on chalkboard study earns ig,0.5405
train187,gunman fine before shooting,0.12
train188,marijuana may stave off alzheimer s,0.027
train189,kentucky seeks alcohol huffing ban,0.0488
train190,toddler died from tainted spinach,0.1166
train191,judge dismisses karr s porn case,0.2143
train192,die in hour kashmir standoff,0.1863
train193,slain amish girls laid to rest,0.05
train194,flee plant fire,0
train195,cher auction fetches double pre sale estimates,0
train196,stars scuffle on grey s anatomy,0.5161
train197,probe under way in yankee crash,0
train198,amish schoolhouse torn down,0.1607
train199,warner will not run in,0
train200,reid land deal under scrutiny,0
train201,flooding washes out road to valdez alaska,0
train202,briton admits u s bomb plot role,0.2
train203,commentary minutemen have a right to be idiotic,0
train204,madonna files adoption papers,0
train205,gunmen kill at iraqi tv station,0.1667
train206,hastert sorry for scandal but not quitting,0.1707
train207,ex jonbenet suspect child porn case dropped,0.3571
train208,waste plant fire forces to evacuate,0.0448
train209,toddler died from e coli tainted spinach,0.1831
train210,disturbing finds in child sex raids,0.3806
train211,magazine lists women who had abortions,0.2368
train212,pot smokers may avoid alzheimer s study says,0
train213,student starts white men s club on campus,0.2871
train214,kentucky wants to ban alcohol inhalers,0
train215,peter pan flies into chapter two,0
train216,teen repellent inventor wins infamous prize,0.2564
train217,cher s dress car bed have new owners,0
train218,dow hits new record eyes,0
train219,ex virginia gov not running for president,0
train220,yankee pitcher s pilot log found,0
train221,dem leader s million land deal under scrutiny,0.1818
train222,dad locked up son watched on tv police say,0.4182
train223,navarrette minutemen have a right to be idiotic,0
train224,pit bulls jump miniature pony leave her bloody,0.33
train225,alaska town cut off from rest of state by flood,0
train226,trailblazing trio protects city by the bay,0
train227,madonna files adoption papers in malawi,0
train228,dr mcdreamy choked in grey s scuffle,0
train229,poetry prize awarded,0
train230,las vegas honour for tiger pair,0
train231,uk characters boosting box office,0
train232,cher items snapped up at auction,0
train233,griffiths scorns withnail play,0.6481
train234,lily allen wins web music award,0
train235,costner appeals in casino wrangle,0
train236,beyonce copyright claim rejected,0
train237,cohn gunman jailed for years,0
train238,melua s deep sea gig sets record,0
train239,sri lanka clashes kill troops,0
train240,gunmen kill in iraq tv raid,0.1634
train241,italy drops sicily bridge plans,0
train242,amish killings school demolished,0.1784
train243,pamuk wins nobel literature prize,0
train244,madonna adoption bid approved,0
train245,man admits uk us terror bomb plot,0.2529
train246,who are you calling fat,0.5714
test1,test to predict breast cancer relapse is approved,?
test2,two hussein allies are hanged iraqi official says,?
test3,sights and sounds from ces,?
test4,schuey sees ferrari unveil new car,?
test5,closings and cancellations top advice on flu outbreak,?
test6,trucks swallowed in subway collapse,?
test7,sarkozy letter surprises french cartoons hearing,?
test8,building a memorial to a son one child at a time,?
test9,lawmaker seeks ipod ban in crosswalks in new york,?
test10,diabetic waits months for eyeglasses,?
test11,sudan tells united nations envoy to leave in hours,?
test12,years on but couple still hugging,?
test13,defense to challenge russert s credibility,?
test14,ozzy a hero for the hard rocking masses,?
test15,cia leak trial summary,?
test16,dance movie takes over no,?
test17,asian nations urge myanmar reform,?
test18,after iraq trip clinton proposes war limits,?
test19,dead in apartment building fire,?
test20,male sweat boosts women s hormone levels,?
test21,carphone warehouse s mixed signals,?
test22,democrats plot bush troop increase censure,?
test23,cisco sues apple over iphone name,?
test24,bb star jackson denies goody comments,?
test25,inter milan set serie a win record,?
test26,us airways boosts bid for delta,?
test27,press sees hope in mecca talks,?
test28,bears fan loses bet and changes name,?
test29,global national major child porn ring bust,?
test30,human hair clue in hunt for airliner,?
test31,johnny depp to make movie of spy poisoning,?
test32,really the claim the pill can make you put on weight,?
test33,money makeovers,?
test34,tbs to pay m fine for ad campaign bomb scare,?
test35,stomp the yard has winning moves in its weekend debut,?
test36,discovered boys bring shock joy,?
test37,bernhard set to leave volkswagen,?
test38,pacers jackson misses gun hearing,?
test39,cases when the simple solution is the right one,?
test40,two muslim groups sue french newspaper international,?
test41,golden globes on their way,?
test42,at new ozzfest freedom ain t free,?
test43,federer handed tough aussie draw,?
test44,protesters end strike as nepal pm concedes demands,?
test45,turner pays for boston bombing,?
test46,two detained in body parts mailing,?
test47,essay about that mean streak of yours psychiatry can do only so much,?
test48,hussein s niece pleads for father s life,?
test49,sarkozy heads for clash in cartoons row,?
test50,global web of suspects in child rape download,?
test51,blake defeats moya to retain title,?
test52,storms kill knock out power cancel flights,?
test53,aquarium puts ailing beluga whale to sleep,?
test54,microsoft sony we have a problem,?
test55,a police state the issues,?
test56,move to ban ipods from crossing the street,?
test57,india s taj mahal gets facelift,?
test58,cheney to congress can t run iraq war by committee,?
test59,ganguly handed india squad call up,?
test60,fortune looking beyond the iphone,?
test61,really the claim the back seat of a car is the safest place to sit,?
test62,vaccine mandate upsets legislators,?
test63,news analysis iranian boast is put to test,?
test64,panel issues bleak report on climate change,?
test65,virtual american idol hits right notes,?
test66,iraq car bombings kill people wound more than,?
test67,stomp steps to no at box office,?
test68,google executive acts as goodwill envoy,?
test69,filipino woman kidnapped in nigeria,?
test70,seahawks bears vie for shot at nfl title,?
test71,brown not buried as estate issues loom,?
test72,will rob cohen direct third mummy,?
test73,eu will urge china to go green,?
test74,th century remedy st century potency,?
test75,forecasters expect toasty,?
test76,sunshine goydos wins sony open,?
test77,teacher charged with sex assault,?
test78,merck gardasil may fight more strains,?
test79,mountain glaciers melting faster united nations says,?
test80,snow causes airport closures in britain,?
test81,bananaconda inventor is top poet of kids,?
test82,shareholders sue apple,?
test83,israelis retaliate after attack by lebanese army,?
test84,deadly bird flu confirmed in british turkeys,?
test85,too little sleep may mean too fat kids,?
test86,bathing mom awakes to find baby dead,?
test87,visitors to eiffel tower climb to record in,?
test88,more sleep healthier slimmer children,?
test89,queen battles bond for baftas,?
test90,walters on trump poor pathetic man,?
test91,ice storm smacks roads power,?
test92,iran says it will strike us interests if attacked,?
test93,palestinian factions to resume talks,?
test94,study men s sweat triggers high sexual arousal in women,?
test95,outcry at n korea nuclear test,?
test96,russia plans major military build up,?
test97,archaeologists find remains of couple locked in a hug,?
test98,stenson defends his title at dubai,?
test99,taking the plunge,?
test100,updates on world s top stories,?
test101,man rides stationary bike for hours,?
test102,ice storm coating midwest,?
test103,a mistrial for lieut watada,?
test104,iran warns will hit back at us if attacked,?
test105,asean talks end on energy security,?
test106,iraqi death toll exceeded in united nations says,?
test107,israel intensifies military flights over lebanon,?
test108,new gadgets galore at tech show,?
test109,another death at georgia aquarium,?
test110,us to urge nato afghan spring offensive,?
test111,uk letter bombs may be from extremist drivers,?
test112,asia seeks breakthrough on north korea,?
test113,federer overcomes a ragged start,?
test114,rowdy fans ejected from the open,?
test115,terai protesters hail historic victory over government,?
test116,anger at release of two held over beheading plot,?
test117,bush adamant on troops to iraq,?
test118,bebe neuwirth gets to wiggle again,?
test119,beckham to l a for the game not fame,?
test120,sleep more to fight childhood obesity,?
test121,abbas rejects temporary state,?
test122,investigation of child porn site hits nations,?
test123,sleuths close in on odysseus home,?
test124,variety johnny depp to make movie of spy poisoning,?
test125,ice storm cripples central u s,?
test126,park stars as united maintain lead,?
test127,prehistoric romeo and juliet discovered,?
test128,india s famous landmark gets facelift,?
test129,joseph wambaugh s new start,?
test130,participant in water drinking contest dies,?
test131,apple drops bombshell with iphone,?
test132,bollywood s brangelina engaged,?
test133,shiite fighters arrested in crackdown iraq says,?
test134,rio de janeiro journal drawing lines across the sand between classes,?
test135,models health guidelines will they help,?
test136,stepping back in time at ski resort,?
test137,test cricketer jailed over killing,?
test138,walnuts combat unhealthy fats,?
test139,apple to vista upgraders wait,?
test140,injured sarwan to miss one dayers,?
test141,firms on alert for letter bombs,?
test142,studios sign off on movie downloads,?
test143,asif returns with four wicket haul,?
test144,bush authorized iranians arrest in iraq rice says,?
test145,porn ring scandal reaches australia,?
test146,deputy health minister arrested in us iraqi raid,?
test147,senator carl krueger thinks ipods can kill you,?
test148,finally senate okays anti terror bill manila,?
test149,somalia declares state of emergency,?
test150,matt shines with his alpine finish,?
test151,bp ceo browne to step down in june,?
test152,an iphone by any other name surely not,?
test153,life in gaza steadily worsens,?
test154,the energy challenge exotic visions how to cool a planet maybe,?
test155,easy ways to really save,?
test156,shareholders sue apple,?
test157,findings can humanity survive want to bet on it,?
test158,iran steps up production of weapons grade uranium,?
test159,rig threat cargo ship towed ashore,?
test160,palestinians say clashes hurt their cause,?
test161,male sweat can raise hormones,?
test162,vital signs hazards antidepressant linked to fractures in older people,?
test163,peron held over s rights abuses,?
test164,space life search turns to tv,?
test165,super bowl ads of cartoonish violence perhaps reflecting toll of war,?
test166,youtube told to drop celeb sex video,?
test167,beckham posh and more athlete celebrity couples,?
test168,city sets up ice storm shelters,?
test169,libby prosecutors await judge s rulings,?
test170,review alpha dog misses the point,?
test171,republicans plan to block iraq debate,?
test172,mixed reaction to china s africa push,?
test173,snowed in the canadian rockies,?
test174,skip the showers male sweat turns women on study says,?
test175,gently weeps lyrics sheet up for sale,?
test176,canete wins inaugural joburg open,?
test177,rights group halts violent nepal strikes,?
test178,real suffer carlos injury setback,?
test179,astronaut may have buckled under stress,?
test180,gunmen abduct filipino woman in nigeria,?
test181,nfl team s fan of the year flag lady,?
test182,no rejects police state claim,?
test183,malaysian airasia x to fly in july,?
test184,kidnapped at nigeria oil base,?
test185,guy sweat is babe magnet,?
test186,township tourism booming in south africa,?
test187,alpha dog misses the point,?
test188,iran leader pays nicaragua a visit,?
test189,grey s pirates lead people s choice,?
test190,terror network,?
test191,now it s official iraq s a mess,?
test192,snow brings travel misery to england,?
test193,james brown s year old son left out of will,?
test194,two men killed by london tube train,?
test195,us millions fail to buy influence in deadly gaza power play,?
test196,plo ministers agreed upon in mecca,?
test197,squadron apologies over friendly fire death,?
test198,new orleans violence sparks tourism fears,?
test199,friendly fire pilot experienced,?
test200,space com black hole triplets spotted,?
test201,vaccines mandate or choice,?
test202,congolese soldiers riot loot over pay issue,?
test203,commodities lead europe higher,?
test204,ingredient in male sweat raises women s hormone levels,?
test205,goetschl ends austrian win drought,?
test206,doomsday clock ticking away,?
test207,troops massing around somali town,?
test208,tariq ramadan has an identity issue,?
test209,peretz orders idf to respond with force to north border attacks,?
test210,trains crash near thai resort town,?
test211,hamas fatah return to unity gov t talks in mecca,?
test212,pats fourth quarter rally finishes chargers,?
test213,die as us helicopter crashes in iraq,?
test214,millionaire secret santa dies,?
test215,morrissey may cheer up eurovision,?
test216,christian values guide dungy and the colts,?
test217,israeli woman s tirade spurs pm outrage,?
test218,passing exchange becomes political flashpoint,?
test219,police probe church fires half mile apart,?
test220,italy to try us soldier for agent s iraq death,?
test221,depp to star in spy poisoning film,?
test222,s jack bauer returns,?
test223,us airways boosts bid for delta,?
test224,even before its release world climate report is criticized as too optimistic,?
test225,second hanging also went awry iraq tape shows,?
test226,howell takes one shot lead in sony open,?
test227,psych checks reviewed after astronaut s crack up,?
test228,pap test a mainstay against cervical cancer may be fading,?
test229,martins leads newcastle fightback,?
test230,ps pricey but impressive,?
test231,pluto s revenge word of the year award,?
test232,european space agency,?
test233,hackers strike at key internet servers,?
test234,hussein co defendants executed,?
test235,memo from frankfurt germany relives s terror as seek release from jail,?
test236,blissing out in ojai,?
test237,houston she s got some problems,?
test238,amazon com has best ever sales,?
test239,hackers attack root servers,?
test240,video games can improve your vision,?
test241,internet attacked did anyone notice,?
test242,in washington contractors take on biggest role ever,?
test243,floods force malaysia evacuations,?
test244,on myspace girls seek friends boys flirt,?
test245,tests of drug to block h i v infection are halted over safety,?
test246,zoo polar bear to have root canal,?
test247,europe take big royal trophy lead,?
test248,israel to install cameras to show live mughrabi footage,?
test249,we lit our last candle yesterday,?
test250,google buys youtube for bn,?
test251,psp number one sony platform in japan,?
test252,england include giles in wc squad,?
test253,beckham won t play again for real,?
test254,eight years for damilola killers,?
test255,pc world editor slain at california home,?
test256,hands on doomsday clock move forward,?
test257,zach braff says he has mild depression,?
test258,investigation of child porn site hits nations usa today,?
test259,science panel calls global warming unequivocal,?
test260,news baby pandas baby pandas baby pandas,?
test261,get ready for the earnings,?
test262,germany agonizes over a brain drain,?
test263,iran and nicaraguan leaders meet,?
test264,secret hotels in irish countryside,?
test265,fine wines in british columbia,?
test266,philippine president welcomes senate approval of anti terror bill,?
test267,small jet crashes on takeoff killing,?
test268,bigger more aggressive rats infesting uk,?
test269,travel leisure next island hot spot st lucia,?
test270,real mallorca rock leaders sevilla,?
test271,iran s boast on uranium enrichment is put to test,?
test272,personal health for teenagers the car is the danger zone,?
test273,bird watchers flock to see rare owl,?
test274,eye on cosmos is lost to short circuit on hubble,?
test275,too young for this facing cancer under,?
test276,unilever group names new chairman,?
test277,minister slams airlines on carbon,?
test278,rare optimism as north korea talks reach crossroads,?
test279,man beheaded in southern thailand,?
test280,china s nightmare scenario,?
test281,annual diving contest in south korea proves a chilly challenge,?
test282,blair says he regrets delays in british soldier s inquest,?
test283,iraqi forces detain official suspected in shia conspiracy,?
test284,wellcome awards anti fat research,?
test285,fingers crossed for north korea,?
test286,no intention of war with iran us says,?
test287,what newsom faces in aftermath of scandal,?
test288,maggie gyllenhaal s globes babysitter mom,?
test289,as inflation soars zimbabwe economy plunges,?
test290,pledge i was abused in frat hazing,?
test291,experts fear likely shackled boy,?
test292,what s behind the chopper crashes in iraq,?
test293,freed muslim terror suspect says britain is police state,?
test294,blair apologises over friendly fire inquest,?
test295,depp to make litvinenko movie,?
test296,why gas follows oil up but not down,?
test297,cravings still there sez tara,?
test298,bill would strip convicted legislators of pensions,?
test299,bears watch as lead slips away,?
test300,in clue to addiction brain injury halts smoking,?
test301,in rigorous test talk therapy works for panic disorder,?
test302,rice u s won t pull plug on iraq,?
test303,on road to kosovo independence a warning go slow,?
test304,mistrial for officer who refused to go to iraq,?
test305,rebels to join nepal parliament,?
test306,emi warns on profits boss goes,?
test307,subway collapse caught on camera,?
test308,stinky but true men s sweat is made for love,?
test309,politics us reprieve for officer who denounced immoral war,?
test310,hunters stalk world s tallest trees,?
test311,fuel spill may lead to missing jet,?
test312,sri lanka floods displace,?
test313,justin timberlake cameron diaz announce split,?
test314,iran to hit us interests if attacked,?
test315,israel says hopes to keep lebanon border calm,?
test316,cisco sues apple over iphone name,?
test317,two palestinians killed near fence,?
test318,earthlink ceo dies at age,?
test319,a star dies a family feud is born,?
test320,carter was a disaster said ford,?
test321,super bowl mvp manning insists he s one of the guys,?
test322,personal health the importance of knowing what the doctor is talking about,?
test323,israel s peretz urges halt to contentious jerusalem construction,?
test324,peter jackson will never work for me again,?
test325,u s keeps iran options open,?
test326,european shares hit fresh highs,?
test327,for women nothing s like the smell of men s sweat,?
test328,looking beyond the iphone,?
test329,freed kidnap suspect my terror at police raid,?
test330,far away super bowl s losers will be champs,?
test331,woman dies after water binge,?
test332,mancuso sparks u s celebrations,?
test333,asean urges north korea resolution,?
test334,late penalty costs roma the points,?
test335,mistrial declared in teacher student rape case,?
test336,bookworm adventures wordsmith s joy,?
test337,kylie s love split,?
test338,ipod good for video games,?
test339,review virtual american idol hits right notes,?
test340,leo battles himself,?
test341,attorneys point fingers in fight between ryan o neal and son,?
test342,john grisham set for court drama,?
test343,bill gates and craig mundie vista is secure employees are not,?
test344,iraqis fault delayed u s plan in attack,?
test345,boy scouts blamed for starting wildfire,?
test346,china urges un action on n korea,?
test347,scorpion on a plane a pantful of pain,?
test348,male sweat boosts women s hormone levels,?
test349,mbeki on the big visit from the chinese,?
test350,french right nominates sarkozy,?
test351,israeli lebanese clash on border,?
test352,north korea claims nuclear test,?
test353,talks begin on somalia peacekeepers,?
test354,action games improve eyesight,?
test355,a small part of the brain and its profound effects,?
test356,idf shells lebanese army positions across northern border,?
test357,thailand missing years after taking wrong bus,?
test358,ballerina sparks anti fascist row,?
test359,internet boom in china is built on virtual fun,?
test360,review ps pricey but impressive,?
test361,machinery orders drive asia upward,?
test362,lost s fox i m a liar and a cheat,?
test363,russia to strengthen its military muscle,?
test364,at libby trial russert of nbc gives and gets,?
test365,north korea ready to discuss first steps to nuclear resolution,?
test366,victim gunman bought drink after shooting,?
test367,ferrer victorious in spanish duel,?
test368,uk workers on alert for letter bombs,?
test369,did nasa accidentally kill life on mars,?
test370,new vaccine for cervical cancer could prove useful in men too,?
test371,search on for victims of subway collapse,?
test372,human error caused helios crash,?
test373,us to prod nato allies for more troops to defeat taliban,?
test374,microsoft supports openid authentication standard,?
test375,no buyer in sight for napster,?
test376,briefly preloaded ipods wal mart movies apple stores,?
test377,china says rich countries should take lead on global warming,?
test378,north korea may begin to dismantle nukes,?
test379,tracking down hi tech crime,?
test380,barack obama formally announces bid for president,?
test381,kidnappers seize two in nigeria,?
test382,indonesia may sell not give bird flu virus to scientists,?
test383,attack video saddens friendly fire widow,?
test384,europe retain trophy with big win,?
test385,cutting edge accessories for digital music players,?
test386,ice storm descends on central u s,?
test387,snow brings travel misery to england,?
test388,indonesia flood forces from homes,?
test389,iraqi health minister seized in raid,?
test390,ice storm brings chaos in u s,?
test391,stinky flower mystery solved,?
test392,congressman rebukes u s allies for lack of support in afghanistan,?
test393,roddick overcomes federer in final,?
test394,prehistoric romeo and juliet discovered,?
test395,donald and goydos share sony lead,?
test396,u s and iraqis are wrangling over war plans,?
test397,sea search for missing microsoft scientist,?
test398,iran to hit us interests if attacked,?
test399,blair terror battle will be long,?
test400,bear cub returned to the wilderness,?
test401,carrefour sales growth falls short,?
test402,allied with democrats lieberman easily aligns with republicans,?
test403,in the rockies pines die and bears feel it,?
test404,iran to strike us interests if attacked,?
test405,nipple covers other star secrets,?
test406,apple no itunes for you if you have vista,?
test407,smokestacks in a white wilderness divide iceland,?
test408,that ll cost ya,?
test409,botched hangings in iraq speed sectarianism,?
test410,male sweat raises female hormones,?
test411,gop senators to force debate on troops in iraq,?
test412,bangladesh ends curfew amid unrest,?
test413,italy s dispute with us over iraq shooting,?
test414,here come the globes,?
test415,snow causes transport chaos in britain,?
test416,snow causes airport closures in britain,?
test417,second opinion girl or boy as fertility technology advances so does an ethical debate,?
test418,heavy snow causes travel chaos and shuts schools,?
test419,barbaro s legacy saving other horses,?
test420,luxury digs in south carolina s lowcountry,?
test421,dozens killed in baghdad bombing,?
test422,ice storms kill across nation,?
test423,de villiers takes over dakar lead,?
test424,vietnam becomes wto s th member,?
test425,south african trio share advantage,?
test426,observatory poison begets poison,?
test427,action intensity boosts vision,?
test428,why the smell of a man s armpit is a turn on,?
test429,nokia xpress music,?
test430,dell to cut bonuses trim management,?
test431,second drop in cancer deaths could point to a trend researchers say,?
test432,tv game shows go interactive,?
test433,boy missing since found alive,?
test434,us north korea signed nuclear memo,?
test435,russia honors sputnik designer,?
test436,in kenya s capital a sense that danger is ever stronger,?
test437,bill thanks for the rsa memories and laughs,?
test438,friendly fire pilot experienced,?
test439,myspace welcomes french friends,?
test440,airlines uk airport runway unsafe,?
test441,the amounts you have to pay for a bomb scare,?
test442,in egypt rice speaks softly,?
test443,weekly nielsen yvonne de carlo munsters star dead,?
test444,senate votes to revoke pensions,?
test445,earthlink ceo dies at age,?
test446,software giant sap misses target,?
test447,vital signs mental abilities folic acid may improve thinking skills,?
test448,de villiers stretches overall lead,?
test449,families celebrate return of sons,?
test450,china detains after body parts found in mail,?
test451,north korea ready to discuss nuke disarmament,?
test452,for women nothing s like the smell of men s sweat,?
test453,nadal wants australian open crown,?
test454,beijing journal olympic construction unearths ancient treasure trove,?
test455,chinese president arrives in mozambique african tour nearly over,?
test456,reclusive mockingbird author attends show,?
test457,asia near pact on energy security,?
test458,philippine anti terror law delayed until june,?
test459,ex suspect slams anti terror laws,?
test460,study detects a gene linked to alzheimer s,?
test461,panda cub makes her debut,?
test462,harris haul puts south africa on top,?
test463,weight loss drug to be sold over the counter,?
test464,beckham outlines reasons for move,?
test465,study finds gritty air raises heart disease risk in older women,?
test466,venezuela iran fight u s dominance,?
test467,housewives star marcia cross on bed rest,?
test468,blog here come the globes,?
test469,greek police hunt embassy attackers,?
test470,apple warns itunes users to wait on vista,?
test471,tsunami fears ease after quake,?
test472,china considers eurobond reserves,?
test473,underarm bowls them over,?
test474,at least die as blast levels baghdad market,?
test475,new mccain team made attack ads he once faulted,?
test476,deaths as bird flu flares in asia,?
test477,hamas fatah leaders pledge to meet until they reach agreement,?
test478,officers had rapport with alleged abductor,?
test479,no e book for harry potter vii,?
test480,review nokia xpress music,?
test481,can t do this anymore not jack,?
test482,black hole triplets spotted,?
test483,israel weighs old city project webcast,?
test484,indonesian bird flu deaths hit,?
test485,somali refugees cut off from aid,?
test486,microsoft downplays vista speech recognition hack,?
test487,next island hot spot st lucia,?
test488,italy to hold no show trial of bronx gi in iraq slay,?
test489,rescued boys parents hail miracle,?
test490,canadians tracked in child porn ring,?
test491,teen hacks venezuelan government web sites,?
test492,russia plans new icbms nuclear subs,?
test493,gere cheers sex workers in aids fight,?
test494,study male sweat causes female hormones to rise,?
test495,collision on icy road kills,?
test496,surprise china cuts price of gas,?
test497,what the godfather of soul meant to me,?
test498,new mars orbiter spots pathfinder landing site,?
test499,mass venezuela opposition rally,?
test500,glamour and borat at golden globes,?
test501,terror officials see al qaeda chiefs regaining power,?
test502,ivrea journal in italian town a civics lesson from pelting neighbors,?
test503,iraqi sunni lands show new oil and gas promise,?
test504,princess and heir of franz ferdinand fights to repeal a law and gain a castle,?
test505,a film star in kampala conjuring aminos ghost,?
test506,militants attack u s base in iraq,?
test507,north africa feared as staging ground for terror,?
test508,iran says sunnis using pakistan as base planned fatal bombing,?
test509,anglicans rebuke u s branch on same sex unions,?
test510,homemade bombs kill on indian train,?
test511,al qaeda chiefs are seen to regain power,?
test512,chvez threatens to jail violators of price controls,?
test513,bush declares iran s arms role in iraq is certain,?
test514,accord on north korea is announced,?
test515,u s says powerful iraqi cleric is living in iran,?
test516,baghdad plan is a success iraq prime minister tells bush,?
test517,iraqi sunni lands show new oil and gas promise,?
test518,dispute over iraqi cleric said to have gone to iran,?
test519,planning seen in iraqi attacks on u s copters,?
test520,in the world of life saving drugs a growing epidemic of deadly fakes,?
test521,basics a mammal in winter with a furnace of her own,?
test522,books on science the problems in modeling nature with its unruly natural tendencies,?
test523,believing scripture but playing by science s rules,?
test524,a familiar and prescient voice brought to life,?
test525,findings a cool million for a climate backup plan,?
test526,call it serendipity a missing piece of washington s war tent is found,?
test527,free will now you have it now you don t,?
test528,archaeologists find signs of early chimps tool use,?
test529,wizardry at harvard physicists move light,?
test530,the summit a slap in the face of the palestinians,?
test531,moscow says palestine israeli contacts key to mideast peace,?
test532,mideast summit edns with little progress,?
test533,india decries an act of sabotage,?
test534,pakistan india peace talks planned despite bombings,?
test535,czechs poles get missile warning,?
test536,russia warns us against missile bases in east europe,?
test537,cheney starts visit to japan australia,?
test538,china cheney shores up the trilateral alliance,?
test539,iraq insurgents attack us base,?
test540,us soldiers die in day of violence,?
test541,iraqi suicide attack kills two us troops as militants fight purge,?
test542,iran reneges on nuclear payments to russia,?
test543,top colombia official resigns,?
test544,colombia fm resigns after relatives arrests for militia links,?
test545,foreign minister of colombia quits in scandal,?
test546,new zealand unlikely to allow crippled japanese whaler,?
test547,damaged japanese whaling ship may resume hunting off antarctica,?
test548,japanese whaling ship won t accept help,?
test549,iran top n envoy heads for vienna for nuke talks,?
test550,victims of air india still wait for justice,?
test551,kanishka bombing case inquiry judge threatens to quit,?
test552,judge threatens to shut down air india inquiry,?
test553,royal rescues presidential hopes with commanding performance,?
test554,royal seeks to revive french bid,?
test555,sarkozy comfort zone offers a royal opportunity,?
test556,hicks first in line for trial bush says,?
test557,australia tells bush to speed up guantanamo trial,?
test558,howard presses bush on terror suspect,?
test559,france ends toxic alert at canadian embassy in paris,?
test560,paris police investigate package at canadian embassy,?
test561,false alarm at canadian embassy in paris,?
test562,afghan forces retake town that was overrun by taliban,?
test563,taliban seize rural district in southwest as police flee,?
test564,afghan poppy war alienates farmers,?
test565,will north korea honor pledge this time,?
test566,kim jong il bans japanese cars in north korea,?
test567,iran vs north korea not all enemies are equal,?
test568,catholic archbishop outlines anglican merger hopes,?
test569,anglican and catholic churches could merge,?
test570,us helicopter crash kills troops in afghanistan,?
test571,eight us soldiers killed in zabul helicopter crash,?
test572,arroyo lauds passage of anti terror bill,?
test573,house passes anti terrorism measure manila,?
test574,livingstone s transport empire may extend,?
test575,london is pace setter on congestion toll says mayor,?
test576,protest greets congestion charge s westward push,?
test577,thailand attacks kill three injure,?
test578,thai govt moves to smooth over relations with south,?
test579,bombings say muslim rebels won t negotiate,?
test580,roots of autism more complex than thought,?
test581,largest ever autism study identifies two genetic culprits,?
test582,canadian breakthrough offers hope on autism,?
test583,beware of peanut butter pathogens,?
test584,experts offer advice on salmonella,?
test585,experts issue new heart disease guidelines for women,?
test586,for women aspirin a day could keep stroke away,?
test587,high cholesterol raises stroke risk healthy women,?
test588,cooked chicken breasts join tainted food recalls,?
test589,ready to eat chicken breasts recalled due to suspected listeria,?
test590,fully cooked chicken strips recalled,?
test591,committee debates cancer vaccine plan,?
test592,stop cancer with a shot,?
test593,mln birds to be vaccinated from bird flu near moscow,?
test594,thousands tested after russian h n outbreak,?
test595,russian bird flu outbreak is deadly asian strain,?
test596,bernard matthews to lay off up to workers,?
test597,matthews lays off turkey workers,?
test598,reopening bird flu hitfactory ignores risks poultryman,?
test599,goodbye to girlhood,?
test600,media cited for showing girls as sex objects,?
test601,sexualisation harms young girls,?
test602,a shot in the arm,?
test603,thousands line up to get late flu shots,?
test604,king county offering some free flu vaccines,?
test605,bush vows cooperation on health care,?
test606,health returns as hot issue in race,?
test607,small business owners find bush health plan appealing,?
test608,pediatricians say more cord blood is needed now,?
test609,whether to save cord blood can be puzzle for parents,?
test610,retinal implant helping blind people see again,?
test611,indonesia will not share flu samples,?
test612,health canada issues advice on canned tuna,?
test613,cholesterol link in diabetes study,?
test614,pig cells hope for diabetes cure,?
test615,sick hearts switch on a fetal gene,?
test616,foetal mechanism helps heart failure,?
test617,planned cesareans not risk free group warns,?
test618,scientists tout cocoa s health benefits,?
test619,feeding your brain new benefits found in chocolate,?
test620,some cocoa may improve brain blood flow,?
test621,lawyer for deceased nazi era collaborator papon vows to bury him,?
test622,cocoa could be antidote to age related diseases says new study,?
test623,china denies reports of north korean apology,?
test624,hungarian opposition calls for vote after violence escalates,?
test625,au regrets sudan s expulsion of un envoy,?
test626,bush officials no big move in iraq plan,?
test627,opponent is put on the spot over remarks about clinton,?
test628,house ethics panel talks to hastert aide,?
test629,bellsouth says profit rises on cingular earnings,?
test630,enron boss gets year sentence,?
test631,sony apologizes for battery recall,?
test632,google unveils do it yourself search engine,?
test633,firefox hits the web,?
test634,oracle world opens with dell unveiling amd powered computers,?
test635,seahawks qb hasselbeck out weeks,?
test636,marathon winner released from hospital,?
test637,punter charged with stabbing asks to live outside state,?
test638,allmendinger joining toyota team in nascar,?
test639,trying to assess the damage in cleveland,?
test640,bryant s boot may have salvaged bucs season,?
test641,this week in auto racing october october,?
test642,merriman violation stuns ex teammate,?
test643,bruce revells in upset,?
test644,steelers roethlisberger has concussion,?
test645,arthurs upsets robredo in first round at the st petersburg open,?
test646,mbeki world cup planning on track,?
test647,clinical everton show moyes means business,?
test648,ms adds office to vista coupon program,?
test649,one search does not fit all,?
test650,apple s dark secret the claim,?
test651,bad weather cancels men s downhill,?
test652,cool millions for youtube founders,?
test653,london market a shopping dining haven,?
test654,jackass star marries childhood friend the secrets people reveal,?
test655,audio slide show a love story lasting years,?
test656,microsoft to release next generation phone,?
test657,body shop s roddick has hepatitis c,?
test658,teen allegedly armed by mom turns self in,?
test659,oxfam action needed for chad,?
test660,violence continues at disputed holy site,?
test661,storm leaves behind major travel troubles,?
test662,u s troops killed hunting weapons cache,?
test663,china s friends highlights web freedoms,?
test664,nato afghanistan peace by,?
test665,alaska s northern lights captivate japanese,?
test666,smith can t be buried until hearing,?
test667,spacewalker sets new u s record,?
test668,fortune india the superpower think again,?
test669,kerry blasts escalation of misguided war,?
test670,anna nicole claimant a prince of a guy,?
test671,ronnie and eto o hug and make up,?
test672,best of the chicago auto show,?
test673,grey s betty scrubs get boost,?
test674,massive mud traps dozens of families,?
test675,edwards blogger quits becomes journalistic martyr,?
test676,town packs gym to mourn killed in fire,?
test677,spain ahead although nadal is out,?
test678,ecb holds rates at percent,?
test679,iran rejects us claims of supplying weapons in iraq,?
test680,jakarta begins disinfection,?
test681,rowling heartbroken euphoric at potter s end,?
test682,apple revs up mac attacks on vista,?
test683,fear hinders black marrow donation,?
test684,texan allegedly joined somalia rebel plot,?
test685,u s to allow iraqi refugees,?
test686,japan whaling activists terrorists,?
test687,hannibal bites the big one,?
test688,women protest pakistan demolition,?
test689,wii news for gamers,?
test690,democrats look beyond symbolic vote on iraq,?
test691,portugal to vote on abortion laws,?
test692,frustration rises as north korea nuclear talks stall,?
test693,horse teeth give details of ancient big chill,?
test694,scam lures victims with free puppy offer,?
test695,two koreas to resume talks,?
test696,mickelson driving force at masters,?
test697,england opt for bopara over loye,?
test698,create own thrillville for a wild ride,?
test699,edwards campaign blogger quits amid catholic controversy,?
test700,judge preserve anna nicole s body,?
test701,dolphins sea lions may report for duty soon,?
test702,nasdaq lse battle nears deadline,?
test703,a personal plea for hpv vaccine plan,?
test704,u s opens door for iraqi refugees,?
test705,swiss plane crashes at moscow airport,?
test706,study napping might help heart,?
test707,myspace sales surging,?
test708,telecoms giant slashes jobs,?
test709,air france klm profit rises,?
test710,uganda parliament votes to send troops to somalia,?
test711,king and queen reign at british film awards,?
test712,murphys rule box office with norbit,?
test713,thousands rally in lebanon,?
test714,yahoo s mission quest,?
test715,area should get inches of snow today,?
test716,miss brazil wins lawsuit competition,?
test717,snow wreaks havoc in east midwest,?
test718,the secrets people reveal,?
test719,research supports medicinal marijuana,?
test720,all african amputee football games kick off,?
test721,group video shows chopper go down,?
test722,sale of chrysler possible,?
test723,russia condemns terrorist acts on buses outside beirut,?
test724,technology may save india s river dolphins,?
test725,airbus a superjumbo takes off,?
test726,naps are great for chaps,?
test727,female astronaut sets record,?
test728,corn stoves popping up in u s homes,?
test729,iraq closes borders with syria and iran,?
test730,the troubling ending of the departed,?
test731,vietnamese bank plans ipo listing,?
test732,toyota s scion parks in second life,?
test733,obama will run in,?
test734,cagney lacey finally coming to dvd,?
test735,merkel stop iran,?
test736,salt lake city mall shooter was teenager,?
test737,female astronaut sets record,?
test738,oil holds at,?
test739,obama announces presidential bid,?
test740,tell your boss naps are good for you,?
test741,serbia rejects united nation s kosovo plan,?
test742,amish discuss shootings,?
test743,jail me i ate ivory coast chocolate,?
test744,can north korea be trusted,?
test745,tourism lags in bush s hometown,?
test746,astronaut s arrest tests nasa s mettle,?
test747,man gets second chance at space ride,?
test748,go ahead take a nap science says,?
test749,weekly nielsen will lost find its way back,?
test750,brith airways baggage charges cause confusion,?
test751,indonesian with bird flu dies,?
test752,st louis poised for entertainment upswing,?
test753,new york city may ban ipods while crossing street,?
test754,boy allegedly told to kill by mom gives up,?
test755,gray wolves off endangered list,?
test756,vista s hyped security will be tested,?
test757,uk police slammed over terror raid,?
test758,mogadishu residents flee blasts,?
test759,bomb kills on military bus in iran,?
test760,warioware wii make perfect fit,?
test761,u s at odds with cleric s aide,?
test762,desperate iraqi mother relies on militia for help,?
test763,full details of the eu report on iran,?
test764,singer on cowell glad he was mean,?
test765,jones faces europe meetings snub,?
test766,beckham goal helps real snatch win,?
test767,guinea plan offices close as country declares emergency,?
test768,japan s economy grows,?
test769,united nations peacekeepers raid haitian slum,?
test770,work starts on arctic seed vault,?
test771,social networking goes mobile,?
test772,beauticians cut curl offer stroke prevention info,?
test773,siesta cuts risk of heart disease death study finds,?
test774,thomas cook to merge with mytravel,?
test775,nap your way to a successful career,?
test776,village buried by inches of snow,?
test777,oprah announces new book club pick,?
test778,the science of love and lust,?
test779,northeaster cancels flights shuts schools,?
test780,napping may be good for your heart,?
test781,ryan o neal injured son s girlfriend,?
test782,chrysler s valentine s day massacre,?
test783,madrid bombings trial begins,?
test784,fight starts over hpv vaccine,?
test785,autos drive european gains,?
test786,james brown s partner can get her things,?
test787,auto show canceled,?
test788,uk luxury maker burberry made in china,?
test789,on the job naps might cut heart risk,?
test790,no florida survives rupp arena streak hits,?
test791,j k rowling marks spot of potter s end,?
test792,gronholm takes a commanding lead,?
test793,howard slams obama on iraq policy,?
test794,manila hints at ransom approval,?
test795,champion murray too good for kim,?
test796,g yen skates by yuan singled out,?
test797,gunman was srebrenica survivor,?
test798,cutting through the clutter to get things done,?
test799,mother lohan is doing great in rehab,?
test800,who s going to win at the grammys,?
test801,libby defense upsets judge rests,?
test802,breakup rings find new homes,?
test803,gronholm ahead as solberg crashes,?
test804,norbit a waste of murphy,?
test805,rocky start for bangkok airport,?
test806,dead in lebanese minibus bombings,?
test807,sex torture claims hit russia army,?
test808,mega marsupials once roamed australia,?
test809,rupert murdoch s secret tivo,?
test810,update plane crashes at moscow airport no passengers,?
test811,hpv vaccination stirs heated debate in america,?
test812,court tv accused killer tells jury a love story,?
test813,whistle blowing web site exposed,?
test814,start late retire rich,?
test815,somali pm vows to bring islamists to justice,?
test816,swingers more common than most think,?
test817,anna nicole smith fans mourn in cyberspace,?
test818,antibiotic ketek more dangerous than thought,?
test819,time to book your cruise,?
test820,blazing angels for ps fails to soar,?
test821,north korea aid demand stall talks,?
test822,cartoon network head steps down,?
test823,malaysia aggressively wooing tourists,?
test824,anna nicole smith s bahamas home seized,?
test825,andromeda involved in galactic collision,?
test826,rwanda mulling kid limit for families,?
test827,wilkinson sets record in tame win,?
test828,army engineers say dam safe,?
test829,france al qaeda suspects arrested,?
test830,utah gunman survived srebrenica,?
test831,creating a whole album in a month,?
test832,india to test new nuclear missile,?
test833,g to china ease exchange rate grip,?
test834,hatton hands back ibf title again,?
test835,bernanke economy healthy but,?
test836,mickelson sutherland share lead,?
test837,napping is good for your heart study finds,?
test838,princess masako author no regrets,?
test839,students use im lingo in essays,?
test840,malaysia launches tourism campaign,?
test841,study africa s internet gap getting wider,?
test842,travel chaos as heavy snow hits uk,?
test843,paula abdul i have never been drunk,?
test844,salmonella outbreak traced to peanut butter,?
test845,putin u s force fostering nuke ambitions,?
test846,nuke detectors to ring new york official says,?
test847,double bus bombing kills three in lebanon,?
test848,davydenko out as seeds scattered,?
test849,obama i m running for president,?
test850,paterson boots scotland to victory,?
test851,african americans are organ donors these days but what about bone marrow,?
test852,study on the job naps might help heart,?
test853,guinea capital largely calm under curfew marital law,?
test854,bosses sleeping on idea of letting workers take naps,?
test855,teacher s porn conviction sparks tech debate,?
test856,singapore pampers its waterfront promenade,?
test857,rwanda mulls three child limit,?
test858,samsung settles price fixing lawsuit,?
test859,radical cleric al sadr in iran u s insists,?
test860,reports harvard set to name first female president,?
test861,iraq unveils new security plans,?
test862,university offers support to new orleans school,?
test863,storm causes slick icy roads,?
test864,south korea fire kills foreigners,?
test865,prehistoric lovers found locked in eternal embrace,?
test866,charts is your city lean or lethargic,?
test867,peru leader questioned in massacre probe,?
test868,u s commander iraq not hopeless,?
test869,australian pm stands by obama attack,?
test870,mardi gras rebound in the offing for new orleans,?
test871,siestas may cut heart disease risk,?
test872,oregon snorkeler mistaken for rodent shot in face,?
test873,petraeus takes command in iraq,?
test874,dead after utah mall shooting rampage,?
test875,sharks kill four people in dull year,?
test876,record shattering day on wall st,?
test877,comedian says government silences critics,?
test878,rockers big winners at brit awards,?
test879,samba school leader killed before rio carnival,?
test880,taiwan s mr clean indicted steps down,?
test881,woman fights to keep drunken driver in jail,?
test882,al qaeda group calls for attacks on u s oil,?
test883,cousin gunman was srebrenica survivor,?
test884,turkmenistan votes for president,?
test885,here is some advice to take to heart,?
test886,don t miss tax breaks,?
test887,police break up kosovo protests,?
test888,messi makes barcelona squad return,?
test889,jump reported in accidental drug overdose deaths,?
test890,catania punished for fan violence,?
test891,isinbayeva sets th world record,?
test892,lawmakers blast fda drug safety oversight,?
test893,regular naps make hearts healthy,?
test894,ice stops trolleys cold,?
test895,u s gunman was srebrenica survivor,?
test896,outdated baby food found on shelves,?
test897,tow truck drivers accused of stealing cars,?
test898,bush it s time for congress to back energy plan,?
test899,uk soldiers cleared of iraq abuse,?
test900,fda revises label warnings on the antibiotic ketek,?
test901,toshiba portege r,?
test902,south africa mourns adelaide tambo,?
test903,evacuees can return home after plant blast,?
test904,anna nicole smith s body lies in legal limbo,?
test905,former teacher poses for playboy,?
test906,france rejects rwandan investigators,?
test907,a nap a day may keep the heart doctor away,?
test908,higley gonzalez lead in malaysia,?
test909,grammys ready to name winners,?
test910,pound will not drop armstrong case,?
test911,reunited police to start world tour in may,?
test912,turkmen acting leader sworn in as new president,?
test913,allen and okur get all star call,?
test914,svindal claims are golden double,?
test915,trolley square shooting leaves dead including gunman,?
test916,bridge blast stops i traffic,?
test917,mother daughter stabbed near school,?
test918,excerpt politicians and the press,?
test919,north korea gets money and respect,?
test920,beyonce in a bikini as si s swimsuit cover model,?
test921,loving with all your brain,?
test922,shoplifters choice police or t shirt of shame,?
test923,cuban official web a wild colt,?
test924,slow music and lyrics,?
test925,mexican navy helps in hunt for u s engineer,?
test926,smith baby may not be pot of gold,?
test927,latest updates on world s top stories,?
test928,beating leaves teen in coma,?
test929,tiempo libre has grammy dreams,?
test930,gps sneakers locate with press of a button,?
test931,embattled edwards blogger quits campaign,?
test932,britons deported from somalia held under terrorism act,?
test933,updates on world s top stories,?
test934,breast cancer drug promises hope,?
test935,ancient coin shows cleopatra was no beauty,?
test936,youtube yields surprising payback,?
test937,up to inches of snow in forecast,?
test938,werder make man ajax pay price,?
test939,eu condemns illegal cia flights,?
test940,report links humans to global warming,?
test941,un nuclear watchdog slashes iran aid,?
test942,survey tech a tool in teen dating abuse,?
test943,the breast cancer breakthrough saving women a year,?
test944,tourist spot resists gravity but not progress,?
test945,the nfl s biggest potential free agents,?
test946,world tourism sets record in,?
test947,ba to charge for an extra bag,?
test948,kuerten returns to winners circle,?
test949,world s oldest newspaper now exists only online,?
test950,japanese whaler afire in antarctic,?
test951,eu document iranian bomb unstoppable,?
test952,u s urged to lead on green actions,?
test953,see if your city is one of the united states top fittest or fattest,?
test954,lee in pre world cup injury scare,?
test955,new cancer drug to save a thousand lives a year,?
test956,ex teacher guilty in nude pictures scheme,?
test957,fire extinguisher part of tennessee execution kit,?
test958,founder returns to dell helm,?
test959,charles gibson takes over first place,?
test960,ex border patrol agent beaten in prison,?
test961,made in china irks some burberry shoppers,?
test962,stonehenge workers village found,?
test963,who is prince frederic von anhalt,?
test964,latest food fad space potatoes,?
test965,ethiopia readies for millennium all its own,?
test966,good news for slackers naps may cut risk for heart problems,?
test967,snowbirds shortening their florida stays,?
test968,win a concert date with the police,?
test969,snow begins heavy accumulations expected,?
test970,jet flips in snowstorm none dead,?
test971,frantic call in ryan o neal case,?
test972,durant s success trumps the gators,?
test973,scientist snoops in astronauts journals,?
test974,youtube founders split m payout,?
test975,african nation hopes whoopi can help,?
test976,united hang on to six point lead,?
test977,lawyer seizes smith s bahamas home,?
test978,was prince s super show too revealing,?
test979,clijsters looks for a long goodbye,?
test980,snow s too deep even for snowmobiles,?
test981,study female seals picky about mates,?
test982,roundup protests erupt despite state of siege in guinea,?
test983,study more kids exposed to online porn,?
test984,beyonce new si bikini cover girl,?
test985,marijuana helps ease hiv nerve pain study says,?
test986,serena misses bangalore tournament,?
test987,dryer blamed for fire killing cats dogs,?
test988,roddick murray score in san jose,?
test989,apple trademark dispute settled,?
test990,u s online love brokers eye china,?
test991,u s diverts troops to fight taliban,?
test992,house of cards actor ian richardson dead,?
test993,taliban leader killed in airstrike,?
test994,escape to prague without the summer hordes,?
test995,kathmandu first snow in years,?
test996,nasdaq fails in bid for lse,?
test997,ex pastor gets death sentence,?
test998,baby born on turnpike after dad misses exit,?
test999,study links chimps and hammers,?
test1000,un google earth map climate change,?